customer_id,name,country
101,Anna,Finland
102,Maria,Germany
103,Elena,France
104,Sofia,Finland
105,Laura,Spain
106,Irena,Italy
107,Klara,Sweden
108,Paula,Portugal
109,Eva,Austria
110,Nina,Poland
111,Olga,Estonia
112,Alina,Latvia
113,Irina,Lithuania
114,Helena,Czech Republic
115,Martina,Slovakia
116,Daniela,Romania
117,Bianca,Italy
118,Clara,Spain
119,Lucia,Portugal
120,Sara,France
